[
  {
    "Id": 1003730,
    "CreatedById": 1,
    "CreatedBy": null,
    "Created": "2025-01-14T09:36:53.40482Z",
    "Updated": "2025-01-14T09:36:54.023909Z",
    "UpdatedById": 1,
    "UpdatedBy": {
      "Id": 1,
      "Name": "A. User",
      "SubjectId": "sub_admin",
      "FirstName": "Admin",
      "LastName": "User",
      "IsAdmin": true,
      "IsDisabled": false,
      "DisabledAt": null,
      "CreatedAt": null,
      "Settings": "{\u0022filter\u0022: {}, \u0022viewerFilter\u0022: {}, \u0022boreholetable\u0022: {\u0022orderby\u0022: \u0022alternate_name\u0022, \u0022direction\u0022: \u0022ASC\u0022}, \u0022eboreholetable\u0022: {\u0022orderby\u0022: \u0022alternate_name\u0022, \u0022direction\u0022: \u0022ASC\u0022}, \u0022map\u0022: {\u0022explorer\u0022: {}, \u0022editor\u0022: {}}, \u0022appearance\u0022: {\u0022explorer\u0022: 1}}",
      "WorkgroupRoles": null,
      "TermsAccepted": null,
      "Deletable": null
    },
    "Locked": null,
    "LockedById": null,
    "LockedBy": null,
    "WorkgroupId": 1,
    "Workgroup": {
      "Id": 1,
      "Name": "Default",
      "CreatedAt": "2024-12-20T15:18:18.541537Z",
      "DisabledAt": null,
      "IsDisabled": false,
      "Settings": "{}",
      "BoreholeCount": 1
    },
    "IsPublic": false,
    "TypeId": null,
    "Type": null,
    "LocationX": 100,
    "PrecisionLocationX": 0,
    "LocationY": 200,
    "PrecisionLocationY": 0,
    "LocationXLV03": null,
    "PrecisionLocationXLV03": 0,
    "LocationYLV03": null,
    "PrecisionLocationYLV03": 0,
    "OriginalReferenceSystem": 20104001,
    "ElevationZ": null,
    "HrsId": 20106001,
    "Hrs": null,
    "TotalDepth": null,
    "RestrictionId": null,
    "Restriction": null,
    "RestrictionUntil": null,
    "NationalInterest": null,
    "OriginalName": "COLDWATERDRINK",
    "Name": "COLDWATERDRINK",
    "LocationPrecisionId": null,
    "LocationPrecision": null,
    "ElevationPrecisionId": null,
    "ElevationPrecision": null,
    "ProjectName": null,
    "Country": null,
    "Canton": null,
    "Municipality": null,
    "PurposeId": null,
    "Purpose": null,
    "StatusId": null,
    "Status": null,
    "DepthPrecisionId": null,
    "DepthPrecision": null,
    "TopBedrockFreshMd": null,
    "TopBedrockWeatheredMd": null,
    "HasGroundwater": null,
    "Geometry": {
      "type": "Point",
      "coordinates": [
        100,
        200
      ]
    },
    "Remarks": null,
    "LithologyTopBedrockId": null,
    "LithologyTopBedrock": null,
    "LithostratigraphyTopBedrockId": null,
    "LithostratigraphyTopBedrock": null,
    "ChronostratigraphyTopBedrockId": null,
    "ChronostratigraphyTopBedrock": null,
    "ReferenceElevation": null,
    "ReferenceElevationPrecisionId": null,
    "ReferenceElevationPrecision": null,
    "ReferenceElevationTypeId": null,
    "TotalDepthTvd": null,
    "TopBedrockFreshTvd": null,
    "TopBedrockWeatheredTvd": null,
    "ReferenceElevationType": null,
    "Stratigraphies": [],
    "Completions": [],
    "Sections": [],
    "BoreholeGeometry": [],
    "Observations": [],
    "Workflows": [
      {
        "Id": 8003631,
        "UserId": 1,
        "BoreholeId": 1003730,
        "Started": "2025-01-14T09:36:57.915303Z",
        "Finished": null,
        "Notes": null,
        "User": null,
        "Borehole": null,
        "Role": "Editor"
      }
    ],
    "Files": [
      {
        "Id": 5000559,
        "CreatedById": 1,
        "CreatedBy": null,
        "UpdatedById": 1,
        "UpdatedBy": null,
        "Updated": "2025-01-14T09:36:58.253376Z",
        "Name": "FREEZINGCOLD.txt",
        "NameUuid": "56bbfb55-29ac-450b-bf9d-e1ffc200bc57.txt",
        "Type": "text/plain",
        "Created": "2025-01-14T09:36:58.253372Z",
        "Boreholes": [
          null
        ],
        "BoreholeFiles": null
      }
    ],
    "BoreholeFiles": [
      {
        "BoreholeId": 1003730,
        "Borehole": null,
        "FileId": 5000559,
        "File": {
          "Id": 5000559,
          "CreatedById": 1,
          "CreatedBy": null,
          "UpdatedById": 1,
          "UpdatedBy": null,
          "Updated": "2025-01-14T09:36:58.253376Z",
          "Name": "FREEZINGCOLD.txt",
          "NameUuid": "56bbfb55-29ac-450b-bf9d-e1ffc200bc57.txt",
          "Type": "text/plain",
          "Created": "2025-01-14T09:36:58.253372Z",
          "Boreholes": null,
          "BoreholeFiles": [
            null
          ]
        },
        "UserId": 1,
        "User": null,
        "Attached": "2025-01-14T09:36:58.327276Z",
        "Created": "2025-01-14T09:36:58.33238Z",
        "CreatedById": 1,
        "CreatedBy": null,
        "Updated": "2025-01-14T09:36:58.332384Z",
        "UpdatedById": 1,
        "UpdatedBy": null,
        "Description": null,
        "Public": null
      }
    ],
    "Codelists": null,
    "BoreholeCodelists": []
  },
  {
    "Id": 1003731,
    "CreatedById": 1,
    "CreatedBy": null,
    "Created": "2025-01-14T09:36:54.477492Z",
    "Updated": "2025-01-14T09:36:54.642594Z",
    "UpdatedById": 1,
    "UpdatedBy": {
      "Id": 1,
      "Name": "A. User",
      "SubjectId": "sub_admin",
      "FirstName": "Admin",
      "LastName": "User",
      "IsAdmin": true,
      "IsDisabled": false,
      "DisabledAt": null,
      "CreatedAt": null,
      "Settings": "{\u0022filter\u0022: {}, \u0022viewerFilter\u0022: {}, \u0022boreholetable\u0022: {\u0022orderby\u0022: \u0022alternate_name\u0022, \u0022direction\u0022: \u0022ASC\u0022}, \u0022eboreholetable\u0022: {\u0022orderby\u0022: \u0022alternate_name\u0022, \u0022direction\u0022: \u0022ASC\u0022}, \u0022map\u0022: {\u0022explorer\u0022: {}, \u0022editor\u0022: {}}, \u0022appearance\u0022: {\u0022explorer\u0022: 1}}",
      "WorkgroupRoles": null,
      "TermsAccepted": null,
      "Deletable": null
    },
    "Locked": null,
    "LockedById": null,
    "LockedBy": null,
    "WorkgroupId": 1,
    "Workgroup": {
      "Id": 1,
      "Name": "Default",
      "CreatedAt": "2024-12-20T15:18:18.541537Z",
      "DisabledAt": null,
      "IsDisabled": false,
      "Settings": "{}",
      "BoreholeCount": 1
    },
    "IsPublic": false,
    "TypeId": null,
    "Type": null,
    "LocationX": 300,
    "PrecisionLocationX": 0,
    "LocationY": 400,
    "PrecisionLocationY": 0,
    "LocationXLV03": null,
    "PrecisionLocationXLV03": 0,
    "LocationYLV03": null,
    "PrecisionLocationYLV03": 0,
    "OriginalReferenceSystem": 20104001,
    "ElevationZ": null,
    "HrsId": 20106001,
    "Hrs": null,
    "TotalDepth": null,
    "RestrictionId": null,
    "Restriction": null,
    "RestrictionUntil": null,
    "NationalInterest": null,
    "OriginalName": "COLDWATERBATH",
    "Name": "COLDWATERBATH",
    "LocationPrecisionId": null,
    "LocationPrecision": null,
    "ElevationPrecisionId": null,
    "ElevationPrecision": null,
    "ProjectName": null,
    "Country": null,
    "Canton": null,
    "Municipality": null,
    "PurposeId": null,
    "Purpose": null,
    "StatusId": null,
    "Status": null,
    "DepthPrecisionId": null,
    "DepthPrecision": null,
    "TopBedrockFreshMd": null,
    "TopBedrockWeatheredMd": null,
    "HasGroundwater": null,
    "Geometry": {
      "type": "Point",
      "coordinates": [
        300,
        400
      ]
    },
    "Remarks": null,
    "LithologyTopBedrockId": null,
    "LithologyTopBedrock": null,
    "LithostratigraphyTopBedrockId": null,
    "LithostratigraphyTopBedrock": null,
    "ChronostratigraphyTopBedrockId": null,
    "ChronostratigraphyTopBedrock": null,
    "ReferenceElevation": null,
    "ReferenceElevationPrecisionId": null,
    "ReferenceElevationPrecision": null,
    "ReferenceElevationTypeId": null,
    "TotalDepthTvd": null,
    "TopBedrockFreshTvd": null,
    "TopBedrockWeatheredTvd": null,
    "ReferenceElevationType": null,
    "Stratigraphies": [],
    "Completions": [],
    "Sections": [],
    "BoreholeGeometry": [],
    "Observations": [],
    "Workflows": [
      {
        "Id": 8003632,
        "UserId": 1,
        "BoreholeId": 1003731,
        "Started": "2025-01-14T09:37:03.482766Z",
        "Finished": null,
        "Notes": null,
        "User": null,
        "Borehole": null,
        "Role": "Editor"
      }
    ],
    "Files": [
      {
        "Id": 5000560,
        "CreatedById": 1,
        "CreatedBy": null,
        "UpdatedById": 1,
        "UpdatedBy": null,
        "Updated": "2025-01-14T09:37:04.173129Z",
        "Name": "NICEANDCOOL.txt",
        "NameUuid": "a2c8c7df-805d-4187-b568-96ff8f7230a9.txt",
        "Type": "text/plain",
        "Created": "2025-01-14T09:37:04.173122Z",
        "Boreholes": [
          null
        ],
        "BoreholeFiles": null
      },
      {
        "Id": 5000561,
        "CreatedById": 1,
        "CreatedBy": null,
        "UpdatedById": 1,
        "UpdatedBy": null,
        "Updated": "2025-01-14T09:37:05.086676Z",
        "Name": "BREWINGHOT.txt",
        "NameUuid": "c878368e-9803-47a6-a8be-d496c88922cb.txt",
        "Type": "text/plain",
        "Created": "2025-01-14T09:37:05.086668Z",
        "Boreholes": [
          null
        ],
        "BoreholeFiles": null
      }
    ],
    "BoreholeFiles": [
      {
        "BoreholeId": 1003731,
        "Borehole": null,
        "FileId": 5000560,
        "File": {
          "Id": 5000560,
          "CreatedById": 1,
          "CreatedBy": null,
          "UpdatedById": 1,
          "UpdatedBy": null,
          "Updated": "2025-01-14T09:37:04.173129Z",
          "Name": "NICEANDCOOL.txt",
          "NameUuid": "a2c8c7df-805d-4187-b568-96ff8f7230a9.txt",
          "Type": "text/plain",
          "Created": "2025-01-14T09:37:04.173122Z",
          "Boreholes": null,
          "BoreholeFiles": [
            null
          ]
        },
        "UserId": 1,
        "User": null,
        "Attached": "2025-01-14T09:37:04.292016Z",
        "Created": "2025-01-14T09:37:04.297356Z",
        "CreatedById": 1,
        "CreatedBy": null,
        "Updated": "2025-01-14T09:37:04.297362Z",
        "UpdatedById": 1,
        "UpdatedBy": null,
        "Description": null,
        "Public": null
      },
      {
        "BoreholeId": 1003731,
        "Borehole": null,
        "FileId": 5000561,
        "File": {
          "Id": 5000561,
          "CreatedById": 1,
          "CreatedBy": null,
          "UpdatedById": 1,
          "UpdatedBy": null,
          "Updated": "2025-01-14T09:37:05.086676Z",
          "Name": "BREWINGHOT.txt",
          "NameUuid": "c878368e-9803-47a6-a8be-d496c88922cb.txt",
          "Type": "text/plain",
          "Created": "2025-01-14T09:37:05.086668Z",
          "Boreholes": null,
          "BoreholeFiles": [
            null
          ]
        },
        "UserId": 1,
        "User": null,
        "Attached": "2025-01-14T09:37:05.188737Z",
        "Created": "2025-01-14T09:37:05.193956Z",
        "CreatedById": 1,
        "CreatedBy": null,
        "Updated": "2025-01-14T09:37:05.193962Z",
        "UpdatedById": 1,
        "UpdatedBy": null,
        "Description": null,
        "Public": null
      }
    ],
    "Codelists": null,
    "BoreholeCodelists": []
  }
]